Workbook

Sheet Summary
B2: Quantity Takeoff & Cost Estimate
B3: Sample Test Run — Paracore-TakeOff MCP
B4: Generated June 20, 2026 | Architectural elements only — no MEP, no structural reinforcement modeled yet
B6: Category | C6: Source Sheet | D6: Quantity | E6: Unit | F6: Unit Price ($) | G6: Subtotal ($)
B7: Concrete (all elements) | C7: Concrete | D7: =Concrete!K16 -> 1421.41 | E7: m3 | F7: =Concrete!I2 -> 180 | G7: =D7*F7 -> 255853.8
B8: Formwork (actual, columns + walls) | C8: Concrete | D8: =Concrete!K17 -> 2287.472 | E8: m2 | F8: =Concrete!I3 -> 25 | G8: =D8*F8 -> 57186.8
B9: Masonry / Block Walls | C9: Walls | D9: =Walls!K16 -> 4505.18 | E9: m2 | F9: =Walls!I2 -> 35 | G9: =D9*F9 -> 157681.3
B10: Wall Finishes (2-sided) | C10: Walls | D10: =Walls!K17 -> 9010.36 | E10: m2 | F10: =Walls!I3 -> 18 | G10: =D10*F10 -> 162186.48
B11: Floor Finishes | C11: Floors | D11: =Floors!K16 -> 2804.17 | E11: m2 | F11: =Floors!I2 -> 22 | G11: =D11*F11 -> 61691.74
B12: Doors (all types) | C12: Doors_Windows | D12: =Doors_Windows!K13 -> 174 | E12: no. | F12: =Doors_Windows!I2 -> 220 | G12: =D12*F12 -> 38280
B13: Windows (all types) | C13: Doors_Windows | D13: =Doors_Windows!K14 -> 36 | E13: no. | F13: =Doors_Windows!I3 -> 180 | G13: =D13*F13 -> 6480
B14: Railings | C14: Railings | D14: =Railings!K10 -> 118 | E14: m | F14: =Railings!I2 -> 95 | G14: =D14*F14 -> 11210
B15: Rooms — Internal Finishes Allowance | C15: Rooms | D15: =Rooms!K11 -> 1468.44 | E15: m2 | F15: =Rooms!I2 -> 40 | G15: =D15*F15 -> 58737.6
B16: GRAND TOTAL (architectural elements modeled to date) | G16: =SUM(G7:G15) -> 809307.72
B18: Note: Unit prices below are placeholder/dummy figures for workflow-testing purposes only. Replace with real local rates before using for actual bidding or budgeting.
B19: Excluded from this estimate (not yet modeled): MEP (mechanical, electrical, plumbing), structural reinforcement/rebar (estimated rebar shown separately in Concrete tab is a rough weight allowance, not a priced line), site works, external works.

Sheet Concrete
B2: Concrete Takeoff — by Material & Category | H2: Concrete unit price ($/m3) | I2: 180
B3: Source: get_concrete_summary | Structural Foundations excluded (0 usable instances in model) | H3: Formwork unit price ($/m2) | I3: 25
H4: Rebar unit price ($/kg) | I4: 1.2
B6: Material | C6: Category | D6: Volume (m3) | E6: Element Count | F6: Est. Rebar (kg) | G6: Concrete Cost ($) | H6: Rebar Cost ($) | I6: Line Total ($)
B7: Concrete (unclassified) | C7: Walls | D7: 694.69 | E7: 487 | F7: 55575.2 | G7: =D7*$I$2 -> 125044.2 | H7: =F7*$I$4 -> 66690.24 | I7: =G7+H7 -> 191734.44
B8: Concrete, Cast In Situ | C8: Floors | D8: 382.24 | E8: 11 | F8: 38224 | G8: =D8*$I$2 -> 68803.2 | H8: =F8*$I$4 -> 45868.8 | I8: =G8+H8 -> 114672
B9: Concrete - Cast-in-Place Concrete | C9: Structural Columns | D9: 97.28 | E9: 218 | F9: 17023.2 | G9: =D9*$I$2 -> 17510.4 | H9: =F9*$I$4 -> 20427.84 | I9: =G9+H9 -> 37938.24
B10: Concrete - Precast Concrete | C10: Structural Framing | D10: 75.58 | E10: 63 | F10: 11337 | G10: =D10*$I$2 -> 13604.4 | H10: =F10*$I$4 -> 13604.4 | I10: =G10+H10 -> 27208.8
B11: Concrete - Cast-in-Place Concrete | C11: Structural Framing | D11: 70.31 | E11: 268 | F11: 10546.5 | G11: =D11*$I$2 -> 12655.8 | H11: =F11*$I$4 -> 12655.8 | I11: =G11+H11 -> 25311.6
B12: Concrete (unclassified) | C12: Floors | D12: 45.77 | E12: 3 | F12: 4577 | G12: =D12*$I$2 -> 8238.6 | H12: =F12*$I$4 -> 5492.4 | I12: =G12+H12 -> 13731
B13: Concrete, Cast In Situ | C13: Walls | D13: 38.47 | E13: 4 | F13: 3077.6 | G13: =D13*$I$2 -> 6924.6 | H13: =F13*$I$4 -> 3693.12 | I13: =G13+H13 -> 10617.72
B14: Concrete (unclassified) | C14: Structural Framing | D14: 12.98 | E14: 43 | F14: 1947 | G14: =D14*$I$2 -> 2336.4 | H14: =F14*$I$4 -> 2336.4 | I14: =G14+H14 -> 4672.8
B15: Concrete (unclassified) | C15: Structural Columns | D15: 4.09 | E15: 9 | F15: 715.4 | G15: =D15*$I$2 -> 736.2 | H15: =F15*$I$4 -> 858.48 | I15: =G15+H15 -> 1594.68
B16: TOTAL CONCRETE | D16: =SUM(D7:D15) -> 1421.41 | F16: =SUM(F7:F15) -> 143022.9 | G16: =SUM(G7:G15) -> 255853.8 | H16: =SUM(H7:H15) -> 171627.48 | I16: =SUM(I7:I15) -> 427481.28 | K16: =D16 -> 1421.41
K17: =D24 -> 2287.472
B19: Formwork (Actual — from compute_formwork)
B20: Source: compute_formwork tool now returns full element counts with a preserved TOTAL row even when detail rows are truncated for token efficiency. Confirmed: Structural Columns = 228 elements, Walls = 594 elements (includes openings/doors/windows as separate formwork lines).
B22: Structural Columns Formwork (compute_formwork) | D22: 1090.08 | G22: =D22*$I$3 -> 27252
B23: Walls Formwork (compute_formwork) | D23: 1197.392 | G23: =D23*$I$3 -> 29934.8
B24: TOTAL FORMWORK | D24: =D22+D23 -> 2287.472 | G24: =G22+G23 -> 57186.8

Sheet Walls
B2: Wall Quantities — by Level | H2: Wall area unit price ($/m2) | I2: 35
B3: Source: get_quantities_by_level("Walls") | H3: Wall finish unit price ($/m2) | I3: 18
B6: Level | C6: Element Count | D6: Volume (m3) | E6: Area (m2) | F6: Length (m)
B7: Level 0 | C7: 144 | D7: 266.57 | E7: 1571.25 | F7: 539.59
B8: Level 1 | C8: 45 | D8: 54.37 | E8: 350.46 | F8: 172.5
B9: Level 2 | C9: 87 | D9: 137.99 | E9: 799.91 | F9: 188.36
B10: Level 3 | C10: 62 | D10: 49.93 | E10: 336.54 | F10: 157.58
B11: Level 4 | C11: 62 | D11: 49.93 | E11: 336.54 | F11: 157.58
B12: Level 5 | C12: 62 | D12: 50.71 | E12: 345.21 | F12: 157.68
B13: Level 6 | C13: 60 | D13: 49.18 | E13: 330.6 | F13: 154.78
B14: Level 7 | C14: 53 | D14: 42.8 | E14: 276.21 | F14: 144.36
B15: Service Top Tie | C15: 18 | D15: 31.68 | E15: 158.46 | F15: 146.7
B16: TOTAL | C16: =SUM(C7:C15) -> 593 | D16: =SUM(D7:D15) -> 733.16 | E16: =SUM(E7:E15) -> 4505.18 | F16: =SUM(F7:F15) -> 1819.13 | K16: =E16 -> 4505.18
K17: =E16*2 -> 9010.36

Sheet Floors
B2: Floor Finish Areas — by Type & Level | H2: Floor finish unit price ($/m2) | I2: 22
B3: Source: get_floor_finish_summary
B6: Type | C6: Level | D6: Total Area (m2) | E6: Element Count | F6: Cost ($)
B7: Generic 150mm | C7: Level 0 | D7: 785.07 | E7: 2 | F7: =D7*$I$2 -> 17271.54
B8: Generic 150mm | C8: Level 2 | D8: 258.9 | E8: 1 | F8: =D8*$I$2 -> 5695.8
B9: Generic 150mm | C9: Level 7 | D9: 254.76 | E9: 1 | F9: =D9*$I$2 -> 5604.72
B10: Generic 150mm | C10: Level 3 | D10: 248.1 | E10: 1 | F10: =D10*$I$2 -> 5458.2
B11: Generic 150mm | C11: Level 4 | D11: 248.1 | E11: 1 | F11: =D11*$I$2 -> 5458.2
B12: Generic 150mm | C12: Level 5 | D12: 248.1 | E12: 1 | F12: =D12*$I$2 -> 5458.2
B13: Generic 150mm | C13: Level 6 | D13: 248.1 | E13: 1 | F13: =D13*$I$2 -> 5458.2
B14: Generic 150mm | C14: Level 1 | D14: 231.26 | E14: 1 | F14: =D14*$I$2 -> 5087.72
B15: RoofSlab | C15: Level Roof | D15: 222.08 | E15: 1 | F15: =D15*$I$2 -> 4885.76
B16: Service Top Tie | C16: Service Top Tie | D16: 31.71 | E16: 1 | F16: =D16*$I$2 -> 697.62 | K16: =D20 -> 2804.17
B17: Generic 150mm | C17: Service Top Tie | D17: 10.25 | E17: 1 | F17: =D17*$I$2 -> 225.5
B18: Service Top Tie | C18: Level 1 | D18: 9.84 | E18: 1 | F18: =D18*$I$2 -> 216.48
B19: CanopyFloor | C19: Level 2 | D19: 7.9 | E19: 1 | F19: =D19*$I$2 -> 173.8
B20: TOTAL | D20: =SUM(D7:D19) -> 2804.17 | E20: =SUM(E7:E19) -> 14 | F20: =SUM(F7:F19) -> 61691.74

Sheet Doors_Windows
B2: Doors & Windows — by Type | H2: Avg. door unit price ($/ea, supply+install) | I2: 220
B3: Source: get_counts_by_type("Doors"), get_counts_by_type("Windows") | H3: Avg. window unit price ($/ea, supply+install) | I3: 180
B5: DOORS
B6: Type | C6: Count | D6: Unit Price ($) | E6: Cost ($)
B7: 90cm door | C7: 59 | D7: =$I$2 -> 220 | E7: =C7*D7 -> 12980
B8: 70cm door | C8: 39 | D8: =$I$2 -> 220 | E8: =C8*D8 -> 8580
B9: Glass_Panel | C9: 34 | D9: =$I$2 -> 220 | E9: =C9*D9 -> 7480
B10: 60cm door | C10: 22 | D10: =$I$2 -> 220 | E10: =C10*D10 -> 4840
B11: Glass_Panel-12mm_Thickness | C11: 10 | D11: =$I$2 -> 220 | E11: =C11*D11 -> 2200
B12: Glass_Dbl_Door | C12: 5 | D12: =$I$2 -> 220 | E12: =C12*D12 -> 1100
B13: 1810x2110mm | C13: 3 | D13: =$I$2 -> 220 | E13: =C13*D13 -> 660 | K13: =C15 -> 174
B14: 80cm door | C14: 2 | D14: =$I$2 -> 220 | E14: =C14*D14 -> 440 | K14: =C20 -> 36
B15: TOTAL DOORS | C15: =SUM(C7:C14) -> 174 | E15: =SUM(E7:E14) -> 38280
B17: WINDOWS
B18: Type | C18: Count | D18: Unit Price ($) | E18: Cost ($)
B19: ToiletWin | C19: 36 | D19: =$I$3 -> 180 | E19: =C19*D19 -> 6480
B20: TOTAL WINDOWS | C20: =SUM(C19:C19) -> 36 | E20: =SUM(E19:E19) -> 6480

Sheet Railings
B2: Railings — Linear Quantities | H2: Railing unit price ($/m, supply+install) | I2: 95
B3: Source: get_linear_summary("Railings")
B6: Type | C6: Level | D6: Total Length (m) | E6: Element Count | F6: Cost ($)
B7: TerraceRail | C7: Level 7 | D7: 34.31 | E7: 5 | F7: =D7*$I$2 -> 3259.45
B8: 60cm | C8: Level 2 | D8: 17.2 | E8: 7 | F8: =D8*$I$2 -> 1634
B9: 60cm | C9: Level 3 | D9: 17.2 | E9: 7 | F9: =D9*$I$2 -> 1634
B10: 60cm | C10: Level 4 | D10: 17.2 | E10: 7 | F10: =D10*$I$2 -> 1634 | K10: =D13 -> 118
B11: 60cm | C11: Level 5 | D11: 17.2 | E11: 7 | F11: =D11*$I$2 -> 1634
B12: 60cm | C12: (unset — model data gap) | D12: 14.89 | E12: 3 | F12: =D12*$I$2 -> 1414.55
B13: TOTAL | D13: =SUM(D7:D12) -> 118 | E13: =SUM(E7:E12) -> 36 | F13: =SUM(F7:F12) -> 11210

Sheet Rooms
B2: Room Schedule — Area, Perimeter, Volume | H2: Internal finishes allowance ($/m2 floor area) | I2: 40
B3: Source: get_room_data (after enabling "Compute Volumes" in Revit project settings)
B6: Room Name | C6: Number | D6: Level | E6: Area (m2) | F6: Perimeter (m) | G6: Volume (m3)
B7: Pavement | C7: 58 | D7: Level 0 | E7: 101.98 | F7: 102.6 | G7: 290.65
B8: Cafe | C8: 41 | D8: Level 0 | E8: 98.47 | F8: 48.8 | G8: 374.19
B9: Service Circulation | C9: 56 | D9: Level 0 | E9: 61.37 | F9: 56.56 | G9: 174
B10: Gym | C10: 51 | D10: Level 0 | E10: 60.72 | F10: 33.33 | G10: 233.77
B11: Pool | C11: 99 | D11: Level 0 | E11: 48.96 | F11: 29.4 | G11: 139.54 | K11: =E74 -> 1468.44
B12: Conference | C12: 50 | D12: Level 0 | E12: 46.71 | F12: 27.47 | G12: 179.83
B13: Reception | C13: 40 | D13: Level 0 | E13: 44.26 | F13: 31 | G13: 154.91
B14: Kitchen | C14: 43 | D14: Level 0 | E14: 36.84 | F14: 24.4 | G14: 99.47
B15: Circulation | C15: 39 | D15: Level 0 | E15: 35.87 | F15: 33.8 | G15: 136.31
B16: Toilets | C16: 42 | D16: Level 0 | E16: 34.95 | F16: 41.52 | G16: 132.81
B17: Changing | C17: 61 | D17: Level 0 | E17: 31.1 | F17: 25.96 | G17: 83.98
B18: Reception | C18: 62 | D18: Level 0 | E18: 24.23 | F18: 23.84 | G18: 65.43
B19: Verendah | C19: 59 | D19: Level 0 | E19: 17.74 | F19: 19.4 | G19: 50.54
B20: Store | C20: 44 | D20: Level 0 | E20: 17.7 | F20: 17.8 | G20: 47.79
B21: Children Pool | C21: 68 | D21: Level 0 | E21: 16.32 | F21: 16.6 | G21: 46.51
B22: General Store | C22: 49 | D22: Level 0 | E22: 12.59 | F22: 14.64 | G22: 34
B23: Shop_5 | C23: 67 | D23: Level 0 | E23: 12.22 | F23: 14.6 | G23: 32.99
... B73: Sauna | C73: 95 | D73: Level 7 | E73: 3.06 | F73: 7.5 | G73: 8.71
B74: TOTAL | E74: =SUM(E7:E73) -> 1468.44 | F74: =SUM(F7:F73) -> 1393.19 | G74: =SUM(G7:G73) -> 4437

Sheet Gaps_NextSteps
B2: What This Test Run Shows — Gaps to Close Before Real Use
B4: Area | C4: Current State | D4: What is Needed to Enhance
B5: MEP (mechanical, electrical, plumbing) | C5: Not modeled at all in this project. get_linear_quantities("Pipes") correctly returns 0 — confirmed not a tool bug. | D5: Model MEP systems in Revit, then re-test get_linear_quantities/get_linear_summary against Pipes, Ducts, Cable Trays, Conduits.
B6: Structural reinforcement / rebar | C6: No real rebar elements exist. "EstimatedRebar" in the Concrete tab is a rough weight allowance formula, not actual modeled rebar. | D6: Either model rebar explicitly, or confirm with the team whether the EstimatedRebar formula is an acceptable placeholder for early-stage estimates.
B7: Structural steel sections | C7: All "Structural Framing" elements are concrete beams, not steel. get_steel_tonnage returns "Not Defined" for Section and correctly resolves Weight using a default density — this is model scope, not a bug. | D7: No action needed unless the project later adds real steel members; tool already works correctly for that case.
B8: compute_formwork pagination/filtering | C8: RESOLVED — re-tested and confirmed fixed. compute_formwork now returns the full element count (228 Columns, 594 Walls) and always preserves a TOTAL row at the end of the result, even when detail rows are truncated for token efficiency. Columns formwork = 1,090.08 m2; Walls formwork = 1,197.392 m2. Workbook updated to use these real figures in place of the earlier 2x-wall-area estimate. | D8: No further action needed for this item.
B9: Excavation / Structural Foundations | C9: Model has only 2 placeholder foundation elements with no geometry — get_excavation_quantities correctly returns nothing. | D9: Model real footings/foundations, then re-test excavation volumes with working_allowance parameter.
B10: Unit prices used in this workbook | C10: All unit prices are placeholder dummy figures for workflow testing only (see Blue cells in each tab). | D10: Replace with real local market rates, or link to a project-specific rate library, before using for actual bidding.
B11: Minor data gaps | C11: 3 of 36 Railing elements have no Level value set (genuine Revit model gap, confirmed independently across two tools). | D11: Set Level/Base Level on those 3 railing elements in Revit directly.
